{
  "hash": "e520c745",
  "configHash": "03921a06",
  "lockfileHash": "0bc45aa0",
  "browserHash": "aead2996",
  "optimized": {
    "@angular/common": {
      "src": "../../../../../../node_modules/@angular/common/fesm2022/common.mjs",
      "file": "@angular_common.js",
      "fileHash": "ecb05116",
      "needsInterop": false
    },
    "@angular/common/http": {
      "src": "../../../../../../node_modules/@angular/common/fesm2022/http.mjs",
      "file": "@angular_common_http.js",
      "fileHash": "35fd4f1e",
      "needsInterop": false
    },
    "@angular/core": {
      "src": "../../../../../../node_modules/@angular/core/fesm2022/core.mjs",
      "file": "@angular_core.js",
      "fileHash": "7287ebbf",
      "needsInterop": false
    },
    "@angular/forms": {
      "src": "../../../../../../node_modules/@angular/forms/fesm2022/forms.mjs",
      "file": "@angular_forms.js",
      "fileHash": "07e00003",
      "needsInterop": false
    },
    "@angular/material/card": {
      "src": "../../../../../../node_modules/@angular/material/fesm2022/card.mjs",
      "file": "@angular_material_card.js",
      "fileHash": "18d04c31",
      "needsInterop": false
    },
    "@angular/material/icon": {
      "src": "../../../../../../node_modules/@angular/material/fesm2022/icon.mjs",
      "file": "@angular_material_icon.js",
      "fileHash": "68bf3aaf",
      "needsInterop": false
    },
    "@angular/platform-browser": {
      "src": "../../../../../../node_modules/@angular/platform-browser/fesm2022/platform-browser.mjs",
      "file": "@angular_platform-browser.js",
      "fileHash": "91c9738d",
      "needsInterop": false
    },
    "@angular/router": {
      "src": "../../../../../../node_modules/@angular/router/fesm2022/router.mjs",
      "file": "@angular_router.js",
      "fileHash": "b1c7d5ec",
      "needsInterop": false
    },
    "rxjs": {
      "src": "../../../../../../node_modules/rxjs/dist/esm5/index.js",
      "file": "rxjs.js",
      "fileHash": "2dc58b4b",
      "needsInterop": false
    },
    "rxjs/operators": {
      "src": "../../../../../../node_modules/rxjs/dist/esm5/operators/index.js",
      "file": "rxjs_operators.js",
      "fileHash": "2c4a97c7",
      "needsInterop": false
    }
  },
  "chunks": {
    "chunk-UZQAU6KU": {
      "file": "chunk-UZQAU6KU.js"
    },
    "chunk-5SIMKGIY": {
      "file": "chunk-5SIMKGIY.js"
    },
    "chunk-KK35M6XF": {
      "file": "chunk-KK35M6XF.js"
    },
    "chunk-GWAU3GAC": {
      "file": "chunk-GWAU3GAC.js"
    },
    "chunk-ADJ6LL3Q": {
      "file": "chunk-ADJ6LL3Q.js"
    },
    "chunk-WSXI74FV": {
      "file": "chunk-WSXI74FV.js"
    },
    "chunk-LBBSG2YE": {
      "file": "chunk-LBBSG2YE.js"
    },
    "chunk-NGNUV6BG": {
      "file": "chunk-NGNUV6BG.js"
    }
  }
}